{
  "init_enemies": {
    "zombie": {
      "0": {
        "position": {
          "x": 202.57484436035156,
          "y": 87.33196258544922,
          "z": -633.638671875
        },
        "direction": {
          "x": 0.9877386689186096,
          "y": 0.0,
          "z": -0.15611785650253296
        },
        "use_patrol": true,
        "route_id": "0",
        "patrol_kind": 0
      },
      "1": {
        "position": {
          "x": -287.2308044433594,
          "y": 111.5317153930664,
          "z": -425.6680908203125
        },
        "direction": {
          "x": 0.31668999791145325,
          "y": 0.0,
          "z": 0.948529064655304
        },
        "use_patrol": true,
        "route_id": "1",
        "patrol_kind": 1
      },
      "2": {
        "position": {
          "x": 592.3201293945313,
          "y": 92.87297821044922,
          "z": -68.59104919433594
        },
        "direction": {
          "x": -0.5884674787521362,
          "y": 0.0,
          "z": 0.8085209131240845
        },
        "use_patrol": false,
        "route_id": "-1",
        "patrol_kind": -1
      },
      "3": {
        "position": {
          "x": 357.40399169921875,
          "y": 100.14845275878906,
          "z": 166.82345581054688
        },
        "direction": {
          "x": 0.11224789172410965,
          "y": 0.0,
          "z": 0.9936802387237549
        },
        "use_patrol": false,
        "route_id": "-1",
        "patrol_kind": -1
      },
      "4": {
        "position": {
          "x": -41.47682189941406,
          "y": 195.61073303222656,
          "z": 437.3376770019531
        },
        "direction": {
          "x": 0.9251976609230042,
          "y": 0.0,
          "z": 0.379485547542572
        },
        "use_patrol": false,
        "route_id": "-1",
        "patrol_kind": -1
      },
      "5": {
        "position": {
          "x": 192.6479034423828,
          "y": 154.55642700195313,
          "z": 673.9263305664063
        },
        "direction": {
          "x": 0.9562324285507202,
          "y": 0.0,
          "z": 0.2926083505153656
        },
        "use_patrol": false,
        "route_id": "-1",
        "patrol_kind": -1
      },
      "6": {
        "position": {
          "x": 709.40625,
          "y": 123.7534408569336,
          "z": 697.2125854492188
        },
        "direction": {
          "x": -0.975501537322998,
          "y": 0.0,
          "z": 0.21999241411685944
        },
        "use_patrol": false,
        "route_id": "-1",
        "patrol_kind": -1
      },
      "7": {
        "position": {
          "x": 358.9028625488281,
          "y": 196.8198699951172,
          "z": 1131.22216796875
        },
        "direction": {
          "x": -0.6382172703742981,
          "y": 0.0,
          "z": -0.7698562741279602
        },
        "use_patrol": false,
        "route_id": "-1",
        "patrol_kind": -1
      }
    },
    "boss": {
      "0": {
        "position": {
          "x": -146.2,
          "y": 95.0,
          "z": -656.638671875
        },
        "direction": {
          "x": 0.9877386689186096,
          "y": 0.0,
          "z": -0.15611785650253296
        },
        "use_patrol": false,
        "route_id": "-1",
        "patrol_kind": -1
      }
    }
  }
}