{
    "patrol_route": {
        "0": {
            "0": {
                "x": 202.57484436035156,
                "y": 87.33196258544922,
                "z": -633.638671875
            },
            "1": {
                "x": 399.033203125,
                "y": 79.86875915527344,
                "z": -494.4084777832031
            },
            "10": {
                "x": 932.6798706054688,
                "y": 85.11327362060547,
                "z": -1371.4232177734375
            },
            "11": {
                "x": 794.3372192382813,
                "y": 97.66329956054688,
                "z": -1384.39599609375
            },
            "12": {
                "x": 666.9517822265625,
                "y": 114.26761627197266,
                "z": -1333.620849609375
            },
            "13": {
                "x": 568.1845703125,
                "y": 126.85469818115234,
                "z": -1230.753662109375
            },
            "14": {
                "x": 487.8109436035156,
                "y": 108.07589721679688,
                "z": -1111.0692138671875
            },
            "15": {
                "x": 421.7120056152344,
                "y": 90.09381103515625,
                "z": -971.3451538085938
            },
            "2": {
                "x": 597.8947143554688,
                "y": 77.1177749633789,
                "z": -441.33258056640625
            },
            "3": {
                "x": 755.882568359375,
                "y": 78.9141845703125,
                "z": -449.6325988769531
            },
            "4": {
                "x": 900.9337768554688,
                "y": 83.017578125,
                "z": -510.0043029785156
            },
            "5": {
                "x": 1031.640625,
                "y": 81.25336456298828,
                "z": -620.7117309570313
            },
            "6": {
                "x": 1110.525634765625,
                "y": 77.93514251708984,
                "z": -759.1762084960938
            },
            "7": {
                "x": 1171.1934814453125,
                "y": 74.18049621582031,
                "z": -948.1979370117188
            },
            "8": {
                "x": 1154.8358154296875,
                "y": 74.07347106933594,
                "z": -1134.3302001953125
            },
            "9": {
                "x": 1065.8509521484375,
                "y": 78.09700012207031,
                "z": -1294.3685302734375
            }
        },
        "1": {
            "0": {
                "x": -287.2308044433594,
                "y": 111.5317153930664,
                "z": -425.6680908203125
            },
            "1": {
                "x": -336.117919921875,
                "y": 131.56080627441406,
                "z": -217.9419708251953
            },
            "2": {
                "x": -345.6645812988281,
                "y": 158.13160705566406,
                "z": 1.8571434020996094
            },
            "3": {
                "x": -330.31304931640625,
                "y": 190.70730590820313,
                "z": 166.13409423828125
            },
            "4": {
                "x": -378.57806396484375,
                "y": 232.58413696289063,
                "z": 356.02301025390625
            },
            "5": {
                "x": -543.7080078125,
                "y": 218.66209411621094,
                "z": 523.6609497070313
            },
            "6": {
                "x": -762.74462890625,
                "y": 231.49957275390625,
                "z": 563.4053344726563
            },
            "7": {
                "x": -1036.222412109375,
                "y": 207.67401123046875,
                "z": 568.3836669921875
            }
        }
    }
}